<keymap version="1" name="Eclipse (Mac OS X) copy 0" parent="Eclipse (Mac OS X)">
  <action id="$Redo" />
  <action id="AceAction">
    <keyboard-shortcut first-keystroke="meta semicolon" />
  </action>
  <action id="ActivateStatisticToolWindow">
    <keyboard-shortcut first-keystroke="shift meta l" />
  </action>
  <action id="AndroidConnectDebuggerAction">
    <keyboard-shortcut first-keystroke="shift meta comma" />
  </action>
  <action id="Back">
    <keyboard-shortcut first-keystroke="meta left" />
  </action>
  <action id="CIDR.Lang.ImportsHierarchy">
    <keyboard-shortcut first-keystroke="shift alt h" />
  </action>
  <action id="CIDR.Lang.ObjC.ConvertToIvar">
    <keyboard-shortcut first-keystroke="shift ctrl v" />
  </action>
  <action id="CallHierarchy">
    <keyboard-shortcut first-keystroke="ctrl meta h" />
  </action>
  <action id="ChangesView.Commit">
    <keyboard-shortcut first-keystroke="shift meta m" />
  </action>
  <action id="ClassNameCompletion">
    <keyboard-shortcut first-keystroke="ctrl slash" />
  </action>
  <action id="CloseAllEditors" />
  <action id="CodotaSearchCrossRefAction">
    <keyboard-shortcut first-keystroke="shift alt f7" />
    <keyboard-shortcut first-keystroke="shift meta g" />
    <keyboard-shortcut first-keystroke="alt l" />
    <keyboard-shortcut first-keystroke="shift alt k" />
  </action>
  <action id="CommentByBlockComment">
    <keyboard-shortcut first-keystroke="shift meta back_slash" />
    <keyboard-shortcut first-keystroke="shift meta slash" />
  </action>
  <action id="CompileDirty" />
  <action id="Console.Execute.Multiline" />
  <action id="CopyPaths" />
  <action id="CopyReference">
    <keyboard-shortcut first-keystroke="shift meta n" />
  </action>
  <action id="Debug">
    <keyboard-shortcut first-keystroke="shift meta d" />
  </action>
  <action id="Debugger.AddToWatch">
    <keyboard-shortcut first-keystroke="shift meta w" />
  </action>
  <action id="Diff.ShowSettingsPopup" />
  <action id="DirDiffMenu.SynchronizeDiff.All" />
  <action id="EditorChooseLookupItemCompleteStatement" />
  <action id="EditorCompleteStatement" />
  <action id="EditorDecreaseFontSize">
    <keyboard-shortcut first-keystroke="meta minus" />
  </action>
  <action id="EditorDuplicateLines">
    <keyboard-shortcut first-keystroke="ctrl meta down" />
  </action>
  <action id="EditorIncreaseFontSize">
    <keyboard-shortcut first-keystroke="meta equals" />
  </action>
  <action id="EditorIndentLineOrSelection">
    <keyboard-shortcut first-keystroke="meta close_bracket" />
  </action>
  <action id="EditorJoinLines">
    <keyboard-shortcut first-keystroke="meta j" />
  </action>
  <action id="EditorLeft">
    <keyboard-shortcut first-keystroke="left" />
  </action>
  <action id="EditorLineEnd">
    <keyboard-shortcut first-keystroke="alt right" />
  </action>
  <action id="EditorLineEndWithSelection">
    <keyboard-shortcut first-keystroke="shift end" />
  </action>
  <action id="EditorLineStart">
    <keyboard-shortcut first-keystroke="alt left" />
  </action>
  <action id="EditorLineStartWithSelection">
    <keyboard-shortcut first-keystroke="shift home" />
  </action>
  <action id="EditorNextWord" />
  <action id="EditorPageDown" />
  <action id="EditorPageUp" />
  <action id="EditorPreviousWord" />
  <action id="EditorResetFontSize">
    <keyboard-shortcut first-keystroke="meta 0" />
  </action>
  <action id="EditorScrollBottom">
    <keyboard-shortcut first-keystroke="meta down" />
  </action>
  <action id="EditorScrollTop">
    <keyboard-shortcut first-keystroke="meta up" />
  </action>
  <action id="EditorSelectLine">
    <keyboard-shortcut first-keystroke="meta l" />
  </action>
  <action id="EditorSelectWord">
    <keyboard-shortcut first-keystroke="shift meta up" />
  </action>
  <action id="EditorSplitLine" />
  <action id="EditorStartNewLine">
    <keyboard-shortcut first-keystroke="meta enter" />
  </action>
  <action id="EditorStartNewLineBefore">
    <keyboard-shortcut first-keystroke="shift meta enter" />
  </action>
  <action id="EditorToggleCase">
    <keyboard-shortcut first-keystroke="shift meta z" />
  </action>
  <action id="EditorToggleColumnMode">
    <mouse-shortcut keystroke="button2" />
    <keyboard-shortcut first-keystroke="shift meta c" />
  </action>
  <action id="ExtractMethod">
    <keyboard-shortcut first-keystroke="shift ctrl m" />
  </action>
  <action id="FileChooser.GotoHome" />
  <action id="Find">
    <keyboard-shortcut first-keystroke="meta f" />
  </action>
  <action id="FindInPath">
    <keyboard-shortcut first-keystroke="ctrl meta p" />
  </action>
  <action id="FindPrevious" />
  <action id="Forward">
    <keyboard-shortcut first-keystroke="meta right" />
  </action>
  <action id="GotoAction" />
  <action id="GotoBookmark1" />
  <action id="GotoDeclaration">
    <mouse-shortcut keystroke="meta button1" />
  </action>
  <action id="GotoFile" />
  <action id="GotoImplementation">
    <mouse-shortcut keystroke="alt button1" />
  </action>
  <action id="GotoLine">
    <keyboard-shortcut first-keystroke="meta g" />
  </action>
  <action id="GotoNextError" />
  <action id="Groovy.Shell.Execute" />
  <action id="GuiDesigner.GoToListener" />
  <action id="IncrementWindowWidth" />
  <action id="IncrementalSearch" />
  <action id="JumpToLastChange">
    <keyboard-shortcut first-keystroke="ctrl left" />
  </action>
  <action id="JumpToNextChange">
    <keyboard-shortcut first-keystroke="ctrl right" />
  </action>
  <action id="KotlinShellExecute" />
  <action id="MakeGradleProject" />
  <action id="MoveLineDown">
    <keyboard-shortcut first-keystroke="alt down" />
  </action>
  <action id="MoveLineUp">
    <keyboard-shortcut first-keystroke="alt up" />
  </action>
  <action id="MoveStatementDown" />
  <action id="MoveStatementUp" />
  <action id="NewScratchFile" />
  <action id="NextDiff">
    <keyboard-shortcut first-keystroke="ctrl f7" />
    <keyboard-shortcut first-keystroke="ctrl n" />
  </action>
  <action id="NextProjectWindow">
    <keyboard-shortcut first-keystroke="meta period" />
  </action>
  <action id="NextTab">
    <keyboard-shortcut first-keystroke="shift meta right" />
  </action>
  <action id="PreviousTab">
    <keyboard-shortcut first-keystroke="shift meta left" />
  </action>
  <action id="QuickEvaluateExpression">
    <keyboard-shortcut first-keystroke="meta alt f8" />
  </action>
  <action id="RebuildGradleProject">
    <keyboard-shortcut first-keystroke="meta b" />
  </action>
  <action id="RecentChangedFiles" />
  <action id="RecentFiles" />
  <action id="RenameElement">
    <keyboard-shortcut first-keystroke="shift ctrl r" />
  </action>
  <action id="Replace">
    <keyboard-shortcut first-keystroke="meta r" />
  </action>
  <action id="ResizeToolWindowLeft" />
  <action id="ResizeToolWindowRight" />
  <action id="ResizeToolWindowUp" />
  <action id="RevealIn">
    <keyboard-shortcut first-keystroke="meta e" />
  </action>
  <action id="Run">
    <keyboard-shortcut first-keystroke="shift meta r" />
  </action>
  <action id="RunClass" />
  <action id="RunToCursor" />
  <action id="SearchEverywhere">
    <keyboard-shortcut first-keystroke="shift meta s" />
  </action>
  <action id="ShowIntentionActions">
    <keyboard-shortcut first-keystroke="ctrl 1" />
  </action>
  <action id="SurroundWith">
    <keyboard-shortcut first-keystroke="shift meta b" />
  </action>
  <action id="SwitchApply">
    <keyboard-shortcut first-keystroke="ctrl alt enter" />
  </action>
  <action id="SwitchDown">
    <keyboard-shortcut first-keystroke="ctrl alt down" />
  </action>
  <action id="SwitchLeft">
    <keyboard-shortcut first-keystroke="ctrl alt left" />
  </action>
  <action id="SwitchRight">
    <keyboard-shortcut first-keystroke="ctrl alt right" />
  </action>
  <action id="SwitchUp">
    <keyboard-shortcut first-keystroke="ctrl alt up" />
  </action>
  <action id="ToggleBookmark">
    <keyboard-shortcut first-keystroke="ctrl b" />
    <keyboard-shortcut first-keystroke="alt b" />
  </action>
  <action id="ToggleLineBreakpoint" />
  <action id="TypeHierarchy">
    <keyboard-shortcut first-keystroke="meta t" />
  </action>
  <action id="UsageView.ShowRecentFindUsages" />
  <action id="Vcs.Log.FocusTextFilter" />
  <action id="Vcs.Push" />
  <action id="Vcs.ShowMessageHistory">
    <keyboard-shortcut first-keystroke="ctrl m" />
  </action>
  <action id="Vcs.UpdateProject">
    <keyboard-shortcut first-keystroke="shift meta u" />
  </action>
  <action id="ViewSource" />
  <action id="com.developerphil.adbidea.action.KillAction">
    <keyboard-shortcut first-keystroke="shift meta k" />
  </action>
  <action id="com.developerphil.adbidea.action.StartAction">
    <keyboard-shortcut first-keystroke="shift meta d" />
  </action>
  <action id="com.github.setial.intellijjavadocs.action.JavaDocGenerateActionOnEditor">
    <keyboard-shortcut first-keystroke="shift alt g" />
    <keyboard-shortcut first-keystroke="shift ctrl c" />
  </action>
  <action id="com.vladsch.idea.multimarkdown.editor.actions.styling.ToggleBoldAction" />
  <action id="editRunConfigurations">
    <keyboard-shortcut first-keystroke="shift meta e" />
  </action>
</keymap>