<application>
  <component name="FileTypeManager" version="17">
    <extensionMap>
      <mapping pattern="ScenicTIcketCard" type="JSX Harmony" />
      <mapping ext="page" type="JSX Harmony" />
      <removed_mapping ext="jsx" approved="true" type="JSX Harmony" />
      <mapping ext="jsx" type="JavaScript" />
      <mapping ext="ajx" type="PLAIN_TEXT" />
      <mapping ext="webp" type="PLAIN_TEXT" />
      <mapping ext="config" type="PLAIN_TEXT" />
      <removed_mapping ext="page" approved="true" type="ajx script" />
      <removed_mapping pattern=".page" approved="true" type="JavaScript" />
      <removed_mapping ext="page" approved="true" type="JavaScript" />
      <removed_mapping ext="jsx" approved="true" type="JSX Harmony" />
      <mapping pattern=".gitignore_global" type="Git file" />
      <mapping pattern="ignore" type="Git exclude file" />
    </extensionMap>
  </component>
</application>