<application>
  <component name="MaterialThemeConfig">
    <option name="highContrast" value="true" />
    <option name="isHighContrast" value="true" />
    <option name="isWizardShown" value="true" />
    <option name="pristineConfig" value="false" />
    <option name="settingsSelectedTab" value="5" />
    <option name="accentColor" value="ffd866" />
    <option name="selectedTheme" value="MONOKAI" />
    <option name="userId" value="64a353c0:16b790f6e9a:-8000" />
    <option name="version" value="5.2.0" />
  </component>
</application>